nombres,apellido1,apellido2,telefono,genero,barrio,edad
Goraud,Brunicke,Beames,912-321-2516,Male,Magdeline,84
Ford,Thoday,Deer,496-513-5360,Female,Kipling,84
Pepi,O'Sirin,Bulch,389-658-7057,Male,Basil,40
Shani,Antoszczyk,Pahler,510-639-3561,Male,Kim,34
Audie,Dring,Seggie,319-950-7983,Male,Graedel,30
Kinsley,Rutherford,Thurston,960-522-8526,Male,Oakridge,87
Sarita,Blampied,Corton,356-439-5746,Male,Elgar,39
Manfred,Padbery,Hocking,148-239-1197,Female,Eggendart,52
Ollie,Pinkstone,Blazewicz,678-747-2703,Male,Farmco,85
Jude,Mattiato,Rishman,760-238-6127,Male,Toban,63
Linnell,Battyll,Delap,698-308-5693,Genderfluid,Cambridge,18
Marcellus,Leahair,Riches,783-746-0558,Female,Atwood,76
Kliment,Cowdrey,Easter,385-613-0942,Male,Pennsylvania,63
Doretta,Breewood,Snepp,912-362-0049,Female,Donald,70
Lev,Bretland,Fuggles,627-153-6990,Non-binary,Hoard,48
Kirbee,Bauduccio,Thamelt,251-864-1567,Male,Commercial,22
Othella,Soggee,Crickmer,145-850-7170,Female,Declaration,37
Michelle,Llewellyn,Walls,326-105-2347,Male,Brentwood,20
Candra,Santora,Boshard,659-650-3381,Male,Banding,55
Lawton,Harsum,Readshall,269-693-5676,Female,Hudson,50
Valma,Charlick,Hellwing,727-100-1495,Male,Basil,62
Wiley,Chalfant,Perrone,348-462-5685,Female,Ridgeview,55
Derwin,Stollard,Toppin,382-284-4320,Bigender,Union,66
Del,Herculeson,Matheson,639-278-9210,Female,Lotheville,81
Shantee,Bernardy,Burriss,411-371-1309,Female,Kingsford,74
Fair,Sicha,Cattini,732-269-5604,Female,Lukken,56
Nikolas,Brammer,Nolli,556-939-2430,Male,Hoard,70
Meghann,Lenham,Livard,430-261-2771,Male,Sachs,19
Ari,Orvis,Ellicock,598-453-5920,Male,Toban,84
Carita,Breakey,Spafford,628-674-5333,Female,Schiller,43
Glynn,Cacacie,Eckhard,567-467-9734,Bigender,Clove,22
Matt,Marfield,Karlolczak,819-907-7604,Male,Swallow,23
Terencio,Labbez,Tedstone,322-422-5677,Female,Farragut,53
Killy,Handman,Mordue,336-435-8914,Female,Arrowood,78
Ive,Stripp,Farrent,146-606-7228,Male,La Follette,79
Winifield,Noble,McTrustrie,469-517-7632,Male,Prairie Rose,18
Mandi,Ortiga,Biaggi,337-116-2041,Male,Ruskin,33
Rourke,Nice,Beatson,229-612-9017,Male,Corben,21
Clementius,Diem,Doxsey,601-939-8782,Female,Johnson,82
Laurianne,Doge,Jacquemot,103-384-7176,Male,Eliot,55
Pammi,Ainsbury,Costell,740-368-2522,Male,Welch,68
Pearline,Kunkel,Farney,644-401-0966,Bigender,Veith,64
Padraic,Anscombe,Woolsey,727-784-1230,Female,Laurel,85
Claudelle,Arson,Ferronier,757-195-3528,Female,Forest Run,59
Zorana,Baglow,Joskowitz,266-631-8046,Female,Carey,71
Anthe,Christoffe,Lehemann,802-734-8365,Female,Judy,56
Roda,Lidstone,Oake,501-253-5445,Genderfluid,Mcbride,69
Niel,Crowdace,Rollings,774-223-4232,Female,Lotheville,78
Dani,Kermott,Wheal,152-931-7539,Female,Bunker Hill,37
Marisa,McElroy,Colebourne,991-238-2615,Male,Carey,61
Amye,Barter,Londing,799-230-7694,Male,Thackeray,20
Jeniffer,Moreinu,Roderigo,694-980-3716,Female,Fremont,58
Sheila-kathryn,Dalzell,Buckston,252-499-9959,Female,Spaight,27
Elroy,O' Mullane,Bissiker,486-638-0437,Female,Butterfield,72
Lillis,Bristoe,Reddish,402-172-9735,Male,8th,67
Albie,Davidy,Ahern,358-676-3606,Male,Towne,19
Arline,Merida,Stanman,509-289-5737,Male,Dwight,45
Leelah,Byres,Storry,737-888-0123,Male,Stang,62
Gilberto,Lowing,Petrolli,128-384-0945,Female,Northport,77
Chrisse,Tripett,Bardell,662-464-3498,Male,Mayer,89
Garwood,Burd,Hizir,317-427-3680,Bigender,Mesta,40
Pammie,Lornsen,Beeckx,965-982-4006,Female,Service,21
Cloe,Addeycott,Buyers,480-560-6657,Male,Coolidge,59
Isa,Garrettson,Tegeller,994-723-3684,Female,Park Meadow,50
Eliot,Baukham,Finlan,716-573-1496,Male,Toban,72
Bing,Jurgenson,Hamal,260-480-2895,Female,Holy Cross,46
Lira,Bougen,Pickavant,851-855-3632,Male,Manufacturers,38
Bendix,McKearnen,Godwin,861-113-4973,Female,Sunbrook,28
Cher,Leschelle,Loton,562-640-1459,Male,Monterey,70
Hayes,Fruser,Easun,948-434-0930,Male,Hintze,49
Kara,Harsent,Fouldes,293-608-0762,Genderfluid,Magdeline,25
Ula,Fereday,Crigin,665-216-7910,Male,Canary,53
Brandyn,Kellog,Beresfore,931-520-5605,Female,Wayridge,21
Margot,Wastling,Leagas,506-772-0454,Female,Birchwood,39
Wallie,Bails,Lewington,796-315-3110,Male,Independence,46
Celinda,Darkin,Watkiss,410-864-7740,Male,Glendale,43
Florencia,Garey,Dorro,788-880-3768,Female,Jana,64
Mariana,Petera,Yanele,994-981-0490,Female,Meadow Valley,57
Redd,Gherarducci,Fullstone,884-245-6135,Female,Buena Vista,71
Marc,Jardine,Gentzsch,627-233-7293,Female,Bashford,27
Bartholomew,Brockway,Lethbridge,337-870-0312,Female,Browning,80
Butch,Robertelli,Cottham,471-192-6322,Female,Bunker Hill,57
Rene,Shorbrook,Basil,776-481-2411,Male,Delaware,88
Torrin,Dyneley,Cringle,643-504-3698,Female,Susan,29
Sheila-kathryn,Tabram,Morcomb,467-317-1072,Female,Monterey,22
Marcello,Barks,Kusick,596-996-9525,Male,Independence,83
Cris,Dobney,Laverty,365-181-2133,Female,Arkansas,22
Baily,Mills,Straw,833-338-4374,Female,Brown,86
Temple,Kelby,Twigger,992-251-3517,Male,Eagan,88
Wolfie,Bricket,Kelleway,650-164-3371,Female,Farmco,66
Nathaniel,Roland,Mattacks,773-105-1590,Female,Kim,44
Manolo,Thonger,O' Shea,997-821-6115,Genderfluid,Spaight,88
Cheston,Westmore,Kemster,395-206-2339,Male,Arkansas,28
Wilbert,Geroldi,Brozek,476-396-4130,Female,Surrey,75
Burnard,Blythe,Attwoull,146-983-4478,Female,Westerfield,18
Frayda,Littrell,Macek,718-615-5015,Male,Shopko,44
Oberon,Greatreax,Lukins,329-987-2146,Female,Hintze,72
Clarisse,Collumbine,Kops,755-825-4660,Female,Annamark,62
Puff,Jekyll,Gieraths,298-884-9168,Female,Moulton,63
Tina,Bawle,Giacomoni,765-309-6836,Female,Green,58
Laurice,Gawn,McGahern,881-212-7068,Female,Karstens,47
Grissel,Perllman,Setterfield,346-929-5946,Male,Nobel,46
Brewster,Shufflebotham,Ffrench,171-426-9693,Male,School,21
Barclay,Binden,Corn,112-888-5411,Male,Waxwing,57
Maximilian,Lorand,DeSousa,300-580-7397,Female,Green,46
Ellwood,Roncelli,Newe,784-786-7295,Female,Fieldstone,87
Antoine,Siggery,Dennick,269-173-0155,Female,Mayer,42
Julietta,Hainsworth,Knock,663-502-7925,Female,Scofield,87
Sandy,Axon,Sharville,128-424-5628,Male,American Ash,50
Alister,Gierhard,Lamble,725-822-2921,Female,Magdeline,76
Corty,Yele,Honatsch,670-612-0946,Genderfluid,Aberg,39
Boniface,Lukovic,McIlveen,994-401-2824,Male,Esker,30
Giordano,Griffitt,Leathe,729-488-0961,Male,Jenna,52
Gaelan,Camois,MacMenamie,717-589-6398,Male,Stone Corner,21
Danyelle,Lockett,Kristufek,188-196-0843,Female,Scoville,47
Shanon,Fisby,Buttress,821-693-2244,Genderqueer,La Follette,81
Esta,Laxe,Willford,280-903-3603,Male,Hoard,48
Anthia,Jarman,Rowat,255-940-3672,Female,Merchant,32
Chase,Arnowicz,Vallentin,344-509-0945,Male,Maple Wood,89
Enrika,Burchatt,O'Kelly,508-891-4520,Male,Sage,77
Marian,Caspell,Spencer,540-138-1010,Male,8th,49
Harley,Kimberly,Trevarthen,892-616-9547,Agender,Glacier Hill,27
Dorella,Bearsmore,Vagges,530-894-5646,Female,Mesta,60
Bianca,Colqueran,Sieghard,875-458-2183,Male,Londonderry,37
Brooke,Carabine,McCrostie,321-478-9942,Polygender,Clyde Gallagher,59
Lindsay,Guyonneau,Cahani,227-771-9900,Male,Nelson,48
Marjie,Patters,Duddle,884-846-0387,Female,Oxford,48
Annadiana,Trounce,Fellgatt,575-540-2215,Female,Mcbride,30
Myca,Shawyer,Hush,887-455-3107,Female,Susan,62
Howey,Cheevers,Prinett,809-329-5520,Female,Gulseth,75
Shermy,Gadie,Bellenie,944-254-8981,Female,Onsgard,72
Guillaume,Buckston,Lambricht,369-214-9468,Polygender,Ridge Oak,58
Shelby,Matisse,Bolliver,597-929-6313,Male,Steensland,86
Pandora,Janc,Candlish,158-455-8346,Female,Almo,55
Ricardo,Leverton,Teodorski,859-816-4509,Female,Bultman,52
Ford,Standfield,Feeny,436-321-3481,Female,Mayfield,55
Rica,Colling,Gebb,409-470-6421,Male,Steensland,24
Vanna,Jirus,Lavarack,938-545-1325,Female,Sundown,84
Quillan,Tampling,Wildgoose,506-413-1067,Female,Fulton,70
Stefano,Garken,Pagel,314-149-2139,Male,Carioca,26
Barn,Ricciardi,Klement,107-839-4568,Male,Karstens,77
Isador,Swyer,Ottewell,586-144-5622,Male,Macpherson,46
Wheeler,Thorald,I'anson,340-760-1732,Male,Sloan,24
Luce,Lygoe,Shilladay,440-732-7055,Polygender,Oriole,82
Marchall,Shemilt,Tathacott,138-461-1240,Female,2nd,42
Neile,Siemandl,Hickisson,970-499-3784,Male,Johnson,73
Griffith,Bretton,Ambrosetti,224-607-7415,Female,Calypso,45
Gregg,Baake,Streather,485-792-2840,Female,Sundown,77
Charlton,Walsh,Schlagman,572-525-0627,Female,Nelson,48
Wyatan,Gatus,Scotting,871-361-2895,Male,Lerdahl,61
Ertha,Grainger,Kirkbride,266-223-1331,Female,Ilene,29
Payton,Cruikshanks,Greenley,612-653-6525,Female,Warner,68
Annabella,Smalley,Handford,561-295-5395,Male,Eggendart,43
Meggy,Eannetta,Bendix,689-731-0369,Bigender,Merry,80
Martita,Claisse,Wagner,911-218-9788,Female,Esker,38
Gawain,Carragher,Bunston,466-776-4820,Male,Shoshone,44
Brittney,Meany,Yaldren,401-487-0317,Female,Springview,58
Hamlen,Gillani,Waterfield,917-849-1171,Male,Glendale,56
Hinze,Snelgar,Jermy,572-144-6304,Female,Crownhardt,87
Valentine,Milburne,Morforth,915-250-4619,Female,Mallory,44
Marylou,Cawcutt,Sibbet,667-423-9364,Male,Upham,45
Leandra,Ropcke,Rogers,926-383-2061,Female,Grover,78
Bartlet,Granger,Duddy,452-977-3060,Male,Schiller,18
Haskel,O'Toole,Davydzenko,595-154-3497,Male,Corben,23
Thedrick,McGinlay,Arden,601-550-5126,Female,Northwestern,45
Bevan,Todarello,Slay,877-940-6949,Male,Grasskamp,21
Nellie,Beddon,Giovanardi,495-717-3510,Male,Shelley,74
Barclay,Fordy,Henrot,905-996-8992,Male,Ridgeview,60
Mathias,Longrigg,Southcoat,748-664-3912,Female,Dexter,40
Gustie,Howton,Chatband,896-574-0703,Male,Dakota,84
Rafael,Synan,Di Bartolomeo,211-633-3660,Bigender,Sycamore,19
Elva,Kleinplac,Conyer,703-565-9246,Male,Miller,41
Cash,Iley,Thorley,136-487-2503,Genderqueer,Reinke,27
Rudiger,Rackam,Arendsen,539-939-7258,Male,Merchant,41
Oliver,Marrow,Norridge,862-679-3245,Male,Anniversary,36
Hildegarde,Kemball,Stammers,336-264-3877,Male,Browning,26
Gannon,Fuchs,Mabbot,345-918-8880,Male,Hoepker,43
Burg,Berzen,Biaggiotti,607-421-7035,Female,Colorado,33
Trish,Pomfrey,Brummitt,954-463-6176,Female,David,50
Blake,Cokely,Costa,543-563-8190,Male,Brentwood,40
Aeriel,de Nore,Rickaert,786-723-7729,Non-binary,Northwestern,40
Morganica,D'Enrico,Rossbrook,612-155-5134,Male,Magdeline,47
Roda,Lamburne,Touson,275-674-5485,Female,Jana,73
Lek,Jewer,Widocks,814-677-5793,Male,Daystar,71
Ewan,Mettrick,Gardiner,204-698-2244,Male,Shopko,52
Deb,Aronstam,Harmer,520-380-8802,Male,1st,29
Regine,De Giorgi,Von Welden,719-613-8532,Male,Leroy,19
Marigold,Ruit,Outram,349-129-5350,Male,Tomscot,43
Byrom,De Lisle,Brunel,134-567-6708,Female,7th,53
Rozele,Lennie,Lorraine,707-503-4936,Female,Clyde Gallagher,24
Sunshine,Seivwright,Ranstead,480-615-4452,Bigender,Heath,82
Emogene,Haresnaip,Trowl,759-822-7844,Male,Chinook,44
Jermaine,Van Hault,Probart,986-301-4522,Female,Aberg,25
Celestia,Drury,Mackilpatrick,430-608-1670,Non-binary,High Crossing,64
Joy,McIlheran,Janiszewski,107-463-4592,Female,International,86
Trescha,Ferrarini,Coase,565-260-1548,Female,Steensland,18
Elene,Dulson,Dutch,353-817-7325,Male,La Follette,56
Damara,Vautrey,Goscar,273-786-5273,Male,Scoville,73
Thorndike,Heffernon,Richten,672-994-9705,Male,Norway Maple,61
Rorke,Fevers,Billingsley,417-944-9737,Male,Ohio,78
Clive,Merrgan,Harnwell,968-583-3052,Male,Waywood,52
Debor,Strainge,Gaiter,975-373-3560,Female,Warbler,71
Ashley,MacNeice,Stiell,520-190-9837,Male,1st,38
Sarina,Barnwille,Comber,305-694-1831,Male,Kingsford,29
Miltie,Smissen,Meeks,355-244-4080,Male,Northport,63
Derk,Thornham,Cisec,591-733-3375,Female,Dakota,71
Percival,Jakoubec,Ferencowicz,600-639-7794,Female,Randy,58
Angelo,Skipper,Brabbs,676-353-1191,Female,Sullivan,56
Dominica,Kummerlowe,McAlindon,167-542-2523,Female,Darwin,45
June,Daldan,Simone,461-172-7670,Male,Atwood,22
Penni,Westover,Brabben,327-260-1681,Male,Mccormick,29
Richy,Heartfield,Thaw,995-469-6839,Male,Monument,31
Samantha,Harmstone,Ivashnikov,328-582-0912,Female,Beilfuss,82
Laney,Slowgrove,Whicher,379-424-7345,Female,Reindahl,18
Adey,Phinnessy,Ianno,804-495-5616,Female,Packers,45
Salmon,Armell,Rowan,888-654-0939,Male,Northfield,43
Natala,Grimmett,Malcher,994-545-0577,Female,Manufacturers,27
Joshuah,Merkle,Preshous,515-794-0429,Male,Shopko,75
Mercy,Van den Hof,Stollenhof,118-114-1773,Female,Carberry,56
Delly,George,Dockerty,517-675-8134,Female,Shoshone,42
Cornall,Northall,Toope,985-956-2085,Female,Katie,20
Lari,Quested,McKiddin,603-932-3059,Male,Nobel,80
Ronna,Sawkins,Klaff,718-859-2174,Male,Westridge,76
Olav,Hartford,Bendley,460-766-7547,Male,Shopko,64
Lanae,Stoney,Farmiloe,541-415-2160,Female,Redwing,89
Blair,Otridge,Sisey,172-193-1618,Female,Granby,52
Hart,Darte,Tuberfield,849-618-4350,Female,Vidon,87
Ali,Masdin,Cabrer,162-598-5706,Male,Dahle,38
Erek,Sarll,Keiling,459-454-0487,Male,Chive,61
Eulalie,Whiffen,Lefley,209-853-6654,Male,Southridge,32
Sonya,Spink,Alltimes,586-698-5102,Male,Bonner,61
Nigel,Weagener,Egleton,744-898-2118,Agender,Marquette,79
Ezri,Iacovolo,Gunter,300-378-7158,Female,Annamark,87
Lonni,Gallafant,Frediani,953-771-9226,Male,Huxley,26
Wakefield,Waren,Lownsbrough,453-172-4956,Female,Loomis,45
Emory,Mellem,Mathwin,211-351-7175,Male,Nelson,52
Dee,Priddey,Lux,402-984-8614,Male,Sachtjen,33
La verne,Gemnett,Crabb,105-277-0889,Female,Vernon,83
Margarete,Micah,Bottby,125-709-7205,Female,Canary,65
Davina,Rowe,Hulse,545-212-9837,Female,Memorial,21
Kirbie,Sibbering,Boniface,189-816-8555,Male,Myrtle,39
Rivi,Fuentez,Kleine,487-263-7603,Female,Holmberg,78
Templeton,Hullot,Glinde,335-773-1104,Male,Blaine,83
Egbert,Dutson,Size,376-941-8599,Male,Weeping Birch,63
Celeste,Gowans,Connochie,634-228-9750,Male,Killdeer,48
Henka,Mettetal,Adenet,165-927-0207,Male,Sachs,78
Mart,Accomb,Stark,925-122-1071,Female,Anderson,75
Norrie,Henner,Faughnan,988-920-7350,Female,Luster,56
Paton,Koopman,Lillo,247-494-3384,Male,Vermont,27
William,Pimlock,Metzel,995-250-3783,Agender,Merry,74
Prent,Devonport,Rickson,162-788-8074,Female,Texas,64
Urban,Demead,Edsall,511-433-9658,Female,Bayside,74
Hollyanne,Kerton,Maxwale,228-138-2019,Male,Stone Corner,19
Jewell,Plumstead,Woodson,216-347-9908,Male,3rd,82
Aridatha,Youngman,Habbert,507-536-3111,Female,Schiller,66
Randolph,Tuohy,Lorman,474-979-0230,Male,Loeprich,48
Ulrick,Hanes,Kaplan,782-700-3854,Female,Armistice,54
Cristionna,MacGuigan,Fogarty,332-267-5763,Male,Sunbrook,51
Chrisse,Armstead,Mixworthy,663-163-1103,Male,Banding,82
Silvain,Asher,Farlamb,215-847-6092,Male,Donald,77
Britni,Hollington,Danielsky,247-186-2723,Polygender,Swallow,53
Marji,Leggat,Tebbett,783-229-5076,Male,Fallview,61
Jolyn,Caskey,Zywicki,599-430-3353,Female,Holmberg,76
Trumaine,Grewcock,Cooke,169-965-2532,Female,Nobel,22
Callean,Hazeley,Trulock,715-578-0534,Female,Ilene,47
Hartwell,Caswill,Linkleter,960-149-7780,Female,Carberry,85
Fawne,Bee,Klimke,826-178-2217,Male,Swallow,80
Magdalen,Gamett,Huxton,744-951-5895,Female,Glacier Hill,40
Yancey,Sibson,Leatham,292-472-3195,Female,Brickson Park,35
Tine,Yurkov,Upex,189-167-9648,Male,Red Cloud,46
Bryanty,Belsher,Sebring,444-727-9128,Bigender,Bartelt,71
Lexine,Meardon,Heliar,470-731-9553,Male,Shoshone,57
Pail,Currin,MacCafferty,523-278-6026,Male,Vera,50
Shamus,Jozefowicz,Ghidini,507-336-4650,Male,Oak Valley,68
Rocky,Eloy,Beckett,285-958-9699,Male,Burrows,51
Gino,Rawsthorne,Lawman,791-274-2163,Male,Gulseth,30
Kriste,Croisdall,Walklate,112-404-4722,Male,Esker,48
Lorie,Shipston,Ridding,857-465-2766,Female,Namekagon,62
Cindelyn,Knowlman,Eton,449-997-4730,Male,Golf View,30
Pavlov,Tidder,Asipenko,883-956-1166,Female,Burrows,23
Christian,Thresher,Cambden,912-376-3296,Male,Elgar,23
Nora,Brownett,Pfeffer,332-944-6999,Female,Manley,53
Wallace,Selwood,Yoseloff,920-524-7857,Female,Vidon,25
Kerby,McKelvey,Fewlass,202-516-4207,Male,Meadow Ridge,32
Mariann,De Gregario,Tremonte,278-258-7526,Male,Aberg,85
Bronny,Odams,Margach,349-977-8128,Female,Rusk,77
Charlton,Dillaway,Basson,397-348-4000,Male,Meadow Valley,60
Tiler,Bransom,Postgate,981-194-4633,Female,Main,33
Carson,Cleave,Buffery,493-641-3201,Genderfluid,Northland,68
Lucilia,Lesley,Wordesworth,946-653-6658,Male,Sachs,38
Miguela,Poore,Pirdue,287-437-6171,Female,Nelson,47
Codi,McGilmartin,Grzegorecki,367-679-3127,Male,Morningstar,53
Nester,Fudger,Clooney,807-152-0793,Female,Anniversary,34
Ingeborg,Mattiussi,Cohr,969-645-4493,Female,Summer Ridge,56
Bee,Ilson,Snoxall,135-383-2528,Female,Delaware,75
Augustus,McClymont,Bezants,366-111-2019,Female,Charing Cross,90
Gaultiero,Cheer,Jakubczyk,805-730-9797,Male,Fremont,43
Deirdre,Hebborne,Huntar,952-219-8897,Male,Lien,41
Lauretta,Cockman,Sharplin,248-446-5325,Male,Armistice,48
Ceil,Chadbourne,Prestland,243-863-6839,Female,Lien,53
Noellyn,Watkinson,Mark,325-949-2314,Female,Corben,66
Buckie,Coldwell,Theuss,258-270-3167,Male,Hovde,47
Jedd,Sheekey,Pietasch,825-555-0299,Female,Oak,66
Kalina,Everill,Grayling,351-663-9744,Male,Green Ridge,80
Lisha,De Giorgio,Tomasian,413-225-5833,Female,Village Green,25
Raynard,Spore,Portchmouth,566-499-3324,Female,Nevada,47
Foster,Laban,Crimp,121-484-2068,Male,Petterle,44
Keeley,Ianni,Chastel,939-594-8893,Female,Cascade,29
Stormy,Mowles,Burnsides,981-614-3377,Female,Lerdahl,69
Delilah,Gadsden,Swateridge,713-195-1188,Female,Corben,73
Brigitte,Pietruszka,Brosh,117-204-4480,Non-binary,Roth,68
Mab,Conquer,Spaule,398-144-1168,Female,Pepper Wood,26
Hort,Sayre,Ehlerding,987-998-5241,Male,Johnson,62
Kelbee,Lockett,Stuckley,667-398-8882,Female,Cherokee,28
Eadmund,Loges,Olcot,263-690-4070,Bigender,Novick,42
Graig,Jacquemard,Vauter,891-211-4124,Female,Sachtjen,76
Lynn,Abdee,Francescozzi,559-834-7901,Bigender,Elka,31
Steffen,Fergyson,Mooney,927-467-5781,Male,Truax,44
Josh,Fenton,Karet,812-701-3680,Bigender,Westerfield,47
Northrup,Ughetti,McMurty,932-627-1979,Male,Red Cloud,62
Sidney,Bavister,Wraighte,716-647-8120,Female,Kennedy,30
Clarabelle,Nabarro,Coast,451-681-2903,Male,Merchant,82
Calli,Narup,Braund,324-194-9889,Male,3rd,30
Brice,Crutcher,Flobert,726-504-0372,Male,Summit,72
Matthias,Jaggs,Mence,474-220-3736,Female,Main,22
Mikey,Gillis,Gasking,506-951-7929,Male,Lawn,64
Tally,Langthorne,Schoenfisch,706-555-1344,Female,Morning,21
Bordy,Auchterlonie,Rontsch,199-126-1150,Male,Sutherland,30
Barbie,Kiljan,Sreenan,837-432-3275,Female,Banding,87
Viviana,Perrone,Exley,659-124-8219,Male,Hoard,47
Edd,Niese,Raisher,176-342-3163,Male,Warrior,34
Vite,Joire,Wehnerr,846-793-4379,Female,Coleman,64
Archibaldo,Horsburgh,Caveney,411-503-5481,Female,Nova,73
Gray,Ghelardoni,Whiteside,349-265-6422,Male,Kropf,85
Web,Le Sieur,Picton,946-532-2559,Male,Redwing,51
Rosaline,Trudgian,Stickney,505-317-1396,Genderfluid,Eliot,82
Barrie,Skrine,Spenclay,748-478-3157,Female,Ridgeview,49
Dory,Haggath,Sibyllina,849-681-1481,Female,Talisman,43
Rhianon,Brandoni,Copelli,702-857-3528,Male,Surrey,34
Karalee,Cristoforo,Jukubczak,586-843-7291,Male,Rigney,65
Didi,Ferreli,Dipple,534-458-2566,Female,Schiller,66
Wheeler,Whordley,Abramowsky,639-493-6313,Female,Armistice,32
Enrico,Rickert,Yeell,387-523-9345,Male,Summit,29
Christie,Rignold,Trickett,324-650-3778,Female,Warbler,48
Isis,Crowth,Hendricks,739-823-4009,Female,Hansons,62
Bealle,Johann,Westgate,342-451-7161,Female,Fieldstone,81
Maire,Ellgood,Waything,379-371-5225,Female,Merry,72
Devlin,Kurth,Blainey,890-585-5745,Male,Londonderry,80
Teresa,Lakenton,McTurk,576-470-3438,Male,Forest Run,82
Olive,Colegate,Falkingham,729-893-4194,Female,Utah,35
Hester,Dowdell,Banbrick,769-644-5433,Male,Donald,85
Trent,Kleinsmuntz,Freyne,533-363-4000,Male,Eliot,39
Shermy,Corday,Tickner,418-845-0148,Male,Jenifer,44
Saleem,Leopard,Albers,352-615-8095,Female,Green,54
Tiffanie,Pettett,Rawll,232-566-4653,Female,Stang,25
Carce,Storey,Tolley,988-869-2561,Male,Meadow Ridge,87
Jerrine,Setterfield,Hanlon,414-576-4689,Male,Derek,67
Nobe,Gowers,Bangham,226-614-1468,Male,Sundown,63
Nathalia,Crickmoor,Grishakov,878-915-3423,Male,Linden,35
Leonerd,Worling,Ellingford,822-467-5503,Female,Merrick,41
Elmer,Hatley,Ivery,801-830-9024,Male,Fieldstone,65
Godard,Tant,Wrates,339-388-1416,Female,Clyde Gallagher,28
Carey,Castillou,Mouland,596-880-2572,Female,Transport,56
Delcina,Short,Nicolson,777-210-6759,Female,American,76
Morton,MacEvilly,Kingscote,908-133-8146,Male,Kingsford,20
Maxim,Mosten,Stening,245-464-4121,Male,Shelley,34
Thorn,Dossit,Ellerman,298-655-5454,Female,Sherman,66
Derrik,Berens,Joubert,100-878-0034,Male,Spohn,63
Maria,Frede,Jedrzejczak,920-804-7881,Male,Arapahoe,51
Florentia,Punyer,Sommerland,139-600-0391,Male,North,83
Sol,Markwell,Blakes,143-442-5518,Female,Sauthoff,80
Web,Oluwatoyin,Santus,408-541-8320,Bigender,Oneill,55
Iain,McCulley,Eagell,515-928-0548,Male,Annamark,66
Georgy,Barbara,Fawthorpe,772-263-4177,Genderqueer,Thompson,75
Marieann,Tomalin,Laurenzi,236-414-3460,Female,Ronald Regan,61
Tomasina,Bumby,Witsey,631-611-1788,Male,Redwing,29
Keely,Ouchterlony,Farnie,711-993-2304,Female,Walton,25
Del,Staggs,Vise,298-655-4802,Female,7th,66
Chery,McBean,O'Shields,107-647-9174,Male,Mallard,24
Georgie,Kettle,Frissell,370-879-5426,Polygender,2nd,33
Hanson,Tym,Matzl,142-372-9026,Male,Pearson,85
Salomon,Gives,Longstaff,883-499-8535,Female,Buena Vista,25
Gallard,Kittow,Dive,436-597-6902,Male,Kings,33
Brennen,Bowich,Tamas,654-347-4223,Female,Gulseth,71
Jeramey,Rush,Scrymgeour,480-208-3204,Female,New Castle,23
Thoma,Ilbert,Dodgson,600-973-7485,Female,Farwell,28
Carly,Ardy,Bellefant,623-857-1695,Polygender,Hintze,66
Jillayne,Jacob,Stocker,904-155-5793,Genderfluid,Hazelcrest,43
Jojo,Janecki,Creane,515-977-2570,Female,Westend,70
Minor,Eke,Wenderoth,565-926-3263,Female,Merrick,77
Clemence,Banbrick,Castiblanco,195-957-4675,Male,Hintze,54
Ambur,Millbank,MacDonough,291-249-9263,Female,Namekagon,63
Bebe,McAnellye,Sperring,787-914-0752,Female,Hansons,55
Hilary,Harle,Chivers,463-498-9581,Female,Continental,59
Guglielma,Pellington,Hars,915-961-2631,Male,Hazelcrest,60
Joe,Creasy,Paynes,370-468-2346,Female,Hovde,48
Fabien,Sedgman,Gitting,532-570-3360,Bigender,Annamark,53
Bryanty,Plessing,Sprague,954-740-1715,Genderqueer,Moland,66
Melesa,Van Zon,Mattityahou,237-122-5663,Male,Hauk,29
Reuben,Beetlestone,Gainsford,756-109-3107,Female,Hauk,55
Gawen,Truce,Iredale,670-726-5346,Female,Butterfield,64
Renelle,Bollini,Elderbrant,643-198-2244,Female,Northport,38
Kirsteni,Cattanach,Woolerton,571-927-9145,Female,Shasta,39
Cissiee,Gillan,Stooke,823-955-5260,Female,Sugar,56
Cristionna,Marples,Pusill,732-786-5241,Male,Oakridge,49
Mord,Kohneke,Agglio,389-212-1213,Male,Park Meadow,51
Cristobal,Arnolds,Barkworth,353-931-6825,Male,Melody,27
Cathi,Alvar,Hullyer,581-339-7342,Female,Commercial,29
La verne,Eary,Hamner,857-965-0698,Male,Manufacturers,52
Cass,Bennellick,Knightsbridge,368-585-6098,Female,Truax,24
Taddeusz,Renish,Weekland,798-995-5386,Male,Claremont,31
Leda,Bartlosz,Stapylton,695-303-6578,Female,Namekagon,48
Jerrine,Ludvigsen,Wyborn,639-104-7906,Female,Union,68
Dorthy,Munnion,Poone,913-294-9299,Male,Tomscot,45
Nicolis,Jamrowicz,Mullett,375-917-9132,Female,Nancy,81
Kissiah,Darling,Retallick,693-220-0114,Non-binary,Kings,42
Colleen,Edards,Joannet,989-939-3556,Male,Parkside,44
Haley,Jaggard,Grigolashvill,294-406-2339,Male,Moose,71
Ettie,Dounbare,Kempson,385-413-4382,Female,Thierer,77
Mariana,Feldmann,Gatland,476-461-5385,Male,Cottonwood,47
Cristiano,Redsell,Sollowaye,844-741-7190,Male,Buhler,37
Liesa,Wandrey,Sloam,985-850-0586,Female,Melody,71
Karine,Trigwell,Comfort,399-359-3694,Female,Dorton,34
Patrizius,Alliott,Ungerechts,534-213-4861,Female,Thompson,46
Mac,Olesen,Girardetti,960-809-8870,Male,Oak,47
Halsey,Livezey,Haugh,468-646-0644,Female,Pleasure,73
Corena,Bengal,Kays,520-881-9970,Male,6th,33
Juieta,Abrahamoff,Ayre,608-748-3690,Female,Green Ridge,43
Ilaire,Howat,Bichener,425-359-1374,Female,Hoard,55
Bobbie,Patzelt,McDuall,677-841-6361,Male,Ramsey,46
Salvatore,Iscowitz,Gogan,819-456-0062,Male,Lien,58
Harriette,Heather,Jephcott,763-592-8992,Female,Shasta,68
Conni,Barnewelle,Fitzer,341-456-2215,Agender,Dryden,22
Alf,Durden,Srawley,554-811-5030,Male,Surrey,68
Lotty,Hellens,Nare,172-308-4855,Male,Spohn,35
Tibold,Wick,Blackley,680-112-1605,Male,Calypso,79
Marietta,Hoxey,McNalley,738-658-6235,Female,Grayhawk,27
Timmy,Kezor,Moncur,937-688-3240,Male,Stuart,38
Brooks,Casoni,Haggerty,448-975-9448,Female,Hoffman,77
Ashton,Gonin,Sansome,122-182-5091,Male,Barby,35
Brunhilde,Klimaszewski,M'Quhan,750-643-1799,Female,Corscot,51
Kathi,Rudgerd,Huntley,220-952-2315,Female,Red Cloud,63
Nial,Wonfar,Loache,176-817-7793,Male,Commercial,18
Kania,Jillions,Brackley,780-730-8027,Genderqueer,Morningstar,45
Edik,Kightly,Wheble,944-825-1528,Female,Express,19
Beth,Mangeon,Thatcham,364-874-9565,Female,Reinke,77
Theadora,Dabels,Deerr,687-334-8417,Female,Heffernan,73
Derrik,Dunican,Pragnell,982-364-1176,Male,La Follette,58
Adriano,Smiz,Rappaport,649-547-6314,Male,Portage,62
Honey,Arnaudi,Hudel,903-871-5964,Male,Merry,63
Mel,Ussher,Pulbrook,312-358-1328,Female,Lerdahl,61
Elsbeth,Rout,Barkaway,281-667-4539,Male,Quincy,36
William,Hessing,Biscomb,742-774-5157,Male,Dawn,24
Maynord,Tesauro,Graeme,223-100-7049,Male,Pennsylvania,22
Hillary,Abrahm,Traves,558-889-5434,Female,4th,77
Loren,Jamson,Akam,486-501-1213,Male,Kedzie,68
Francis,O'Hartnett,Haverson,212-419-4196,Female,Ryan,88
Martyn,Jehu,Gall,825-428-4551,Non-binary,Summit,79
Billi,Sinott,Dahlback,591-241-3798,Female,Green Ridge,68
Haley,Cowlishaw,Gomar,636-751-7084,Female,Portage,21
Joelle,Willmont,Latehouse,815-637-5696,Female,Prairieview,61
Sisile,Smithe,Humbert,553-715-7184,Female,Towne,68
Amandy,MacGettigen,Huitson,698-546-9464,Female,Michigan,84
Felipe,Hacaud,Coldridge,981-322-7936,Male,Green,52
Abran,Edmeads,Matuska,161-690-5225,Male,Hooker,76
Steffie,Llewellyn,Watton,746-331-9283,Female,Farmco,87
Augusto,Hallgath,Keuneke,849-211-6764,Male,Wayridge,75
Vaughn,O'Kennavain,Lukes,286-249-8645,Female,Porter,35
Thorpe,Bonallick,Kubacki,573-856-9267,Female,Vera,23
Trumann,Montfort,Haythornthwaite,271-462-6521,Male,Sloan,22
Brittani,Livingston,Roxbrough,389-384-3490,Female,Carpenter,68
Raina,Asaaf,Vicker,533-998-8425,Male,Waubesa,57
Dick,Brenton,Abbets,393-650-1913,Male,Eggendart,35
Emelen,Penny,Scrafton,373-276-8227,Female,Hazelcrest,36
Mellicent,Lefeaver,Cornelissen,943-263-5761,Agender,Ronald Regan,81
Marsiella,Cannings,Urian,704-821-7896,Male,Surrey,21
Araldo,Stolberg,Allanby,847-883-0455,Male,Dwight,78
Daffie,Commin,Kerridge,857-167-0937,Genderqueer,Oxford,43
Minerva,Mant,Frankcom,843-460-6065,Male,Hanover,20
Lucretia,Oosthout de Vree,Dyter,399-415-7893,Male,Mallard,21
Kermy,Hadland,Vasiliu,387-854-7917,Female,Bluestem,40
Farrell,Wordington,Perfili,195-128-4490,Male,Clemons,35
Gerrie,Tansly,Spindler,572-559-4826,Female,Pierstorff,47
Dorise,Janda,Dannell,766-619-3047,Female,Starling,76
Idalina,Jandl,Pilsbury,214-678-1435,Agender,Quincy,53
Fara,Digweed,Sudron,173-165-7561,Female,Kedzie,43
Albrecht,Eastlake,MacCafferty,815-178-5288,Female,Annamark,86
Daren,Farebrother,Kehir,994-192-5722,Male,Elka,64
Frasquito,MacVanamy,Keyme,742-714-2126,Male,Prentice,31
Giovanni,Baszkiewicz,Ruller,260-118-2284,Female,Rigney,73
Cart,Palley,Ogelsby,130-288-4375,Female,Cordelia,77
Helga,Atto,Lief,926-531-2124,Male,Lawn,77
Nettle,Ockwell,Barrass,527-840-9417,Male,Algoma,24
Norton,Chicchelli,Jinda,227-481-6996,Female,Daystar,40
Jacquette,Whales,McCullogh,786-863-1704,Male,Linden,52
Agneta,Brodbin,Frusher,370-275-1110,Female,Susan,71
Herold,Peat,Karp,551-917-3706,Polygender,Ohio,32
Britte,Matteoni,Rickword,381-161-8086,Male,Farragut,18
Alexander,McGannon,Dennidge,928-243-9606,Female,Surrey,30
Annabelle,Hambleton,Yeatman,901-214-1454,Female,Northview,29
Maudie,MacFarlane,Hurtado,988-146-3083,Male,Garrison,21
Flory,Comer,Audas,950-474-3036,Female,Dorton,79
Ranice,Guilleton,Rowbrey,840-614-6850,Male,Coleman,85
Whittaker,Blodget,Coveley,407-676-3194,Male,Pawling,64
Karole,Spaven,MacCheyne,482-687-2919,Female,Nelson,18
Hieronymus,Jelks,Benning,248-448-6113,Male,Caliangt,68
Edi,Kearle,Wyllie,800-804-2048,Female,Manley,41
Arleyne,Danilin,Disdel,940-931-9496,Female,Maple Wood,35
Hollyanne,Robers,Baumer,716-508-9383,Female,La Follette,50
Farrand,Coop,Mauchlen,755-783-9794,Male,Mayer,46
Craig,Crehan,O'Scandall,418-497-9832,Female,Helena,31
Marni,Routham,Carding,869-930-6861,Female,Pond,83
Hailey,Bygate,Eyckelberg,501-827-8661,Female,Calypso,22
Alberta,Gibben,Petrov,966-241-2881,Male,Moulton,66
Petunia,Brogioni,Reinhard,138-213-2214,Female,Manley,75
Francklin,Hellen,Michurin,624-503-2995,Male,Stephen,55
Penelope,Hiorn,Kryszkiecicz,474-324-9756,Male,Morrow,20
Pooh,Hairon,Tebbet,329-370-0322,Male,Truax,53
Cherilyn,Bernaciak,Craigie,478-613-7623,Genderfluid,Mayer,56
Carly,Cawsby,Keating,301-612-9537,Female,Luster,55
Lyndell,Diben,Orneles,556-522-9741,Male,Sunnyside,78
Bartholemy,Baxstar,Kayley,715-747-3897,Male,Sachs,25
Sheryl,Chimenti,Arbuckel,880-882-9376,Female,Fordem,33
Ruttger,Rickis,Temlett,275-869-3548,Male,Orin,33
Janela,Ziems,Hillan,424-772-1722,Male,Brown,37
Bernelle,Manser,O'Dulchonta,274-771-6324,Female,Hoard,85
Tessie,Marieton,Huckell,135-846-4015,Male,Red Cloud,39
Clemmy,Landrick,Feacham,489-330-2460,Male,Independence,80
Jilly,Sexty,Attride,355-838-9746,Male,Amoth,56
Salvador,Skyram,Caldwall,878-564-2278,Male,Continental,62
Marney,Fishbourne,Blade,137-651-3813,Male,Haas,71
Betteanne,Greensite,Caldron,865-965-2543,Male,Warrior,50
Shena,Sherel,Smewings,112-802-6611,Female,Meadow Ridge,46
Aliza,Konmann,Ibanez,906-783-8965,Male,Farragut,26
Perceval,Frodsam,Batchellor,195-877-3706,Female,Glendale,26
Alvin,Shubotham,Keddey,579-306-0393,Female,Hayes,66
Nessie,Sharrem,Breeze,733-119-1678,Non-binary,Mallory,81
Roseanne,Dymick,Labbe,664-533-5384,Male,Ryan,80
Horacio,Bartelet,Nann,323-481-0747,Polygender,Graedel,21
Gearard,Camilio,Felton,887-674-4718,Bigender,Valley Edge,83
Aluino,Manssuer,Jurca,318-329-2615,Female,Red Cloud,45
Quintus,Sutherland,Powrie,187-870-3736,Female,Shoshone,39
Blakelee,Jansky,Gurnett,440-386-8131,Male,Manufacturers,31
Cass,Pellamonuten,Wiles,997-829-4640,Female,Grayhawk,27
Gipsy,Clitsome,Grichukhin,857-782-1091,Genderqueer,Lyons,59
Ammamaria,Minchella,Jeffcoate,399-573-4409,Female,Oak Valley,80
Hadrian,Lutwyche,Leathe,149-712-0861,Male,Mallard,34
Maurizio,Doodney,Aksell,872-116-2040,Male,Mendota,63
Roma,MacBrearty,Touzey,419-533-3892,Genderqueer,Barby,19
Chiquita,Kordovani,Dragon,214-624-8253,Male,Harbort,77
Ashlen,Frensche,Linskill,185-411-5788,Male,International,28
Konstantin,Burgwin,Wolvey,701-139-6900,Female,Hoffman,21
Ulises,Drinan,Grimsdale,529-258-3602,Male,Esker,63
Roseann,Hurndall,Ineson,960-325-2127,Male,Scott,60
Barbara-anne,Ropcke,Phare,443-511-1925,Female,Grasskamp,45
Anstice,Ebbings,Truckett,205-619-2956,Male,Lien,82
Wilmette,Feakins,Pancoust,751-256-0910,Female,Fuller,23
Abby,Spaduzza,Avrahamian,592-252-3903,Female,Linden,27
Allegra,Cronk,Dericot,607-908-3601,Male,Quincy,38
Natka,Truscott,Hutchinges,719-897-5326,Female,Cardinal,50
Etan,Popelay,Cohan,346-495-7218,Genderqueer,Nelson,58
Bar,Schutze,Dunckley,299-789-3204,Male,Prairieview,71
Lyon,Chitter,Wane,247-748-8379,Female,Morning,42
Jeffie,Clandillon,Raddan,409-796-7109,Male,Maywood,75
Benni,Simoneau,Jostan,783-768-4725,Female,Troy,60
Abagael,Hamil,Gutridge,147-175-4608,Female,Montana,60
Reid,Lamden,Juanes,569-867-5388,Male,Oak,45
Ikey,Huske,Lawee,292-426-3333,Female,Rigney,68
Roch,Sockell,Scrowton,323-210-3295,Male,Arkansas,59
Arlyne,Bould,Lowin,645-866-1917,Female,Cottonwood,80
Dalila,Truesdale,Hucker,902-717-1843,Male,Continental,22
Hatty,Jackett,Pye,196-569-5144,Female,Longview,75
Holden,Hylands,Anyene,301-272-0445,Female,Randy,76
Willi,Punter,Kike,402-472-0026,Female,Leroy,64
Pete,Topper,Livezley,908-762-0338,Male,Main,57
Clayson,Tidcombe,Baldrey,470-753-9534,Male,Buena Vista,53
Montgomery,Dayton,Lathbury,744-623-6130,Male,Maple,89
Hort,Saben,Reek,815-934-3834,Bigender,Alpine,73
Ganny,Keenan,Carrel,139-620-0983,Male,Nevada,63
Winnah,Aves,Vanlint,366-650-1661,Male,Randy,81
Kara-lynn,Finnick,Dufour,320-149-9866,Female,Division,21
Kelila,Knipe,Sancias,244-255-5103,Female,Cottonwood,23
Jennee,Fluit,Gieves,751-706-4442,Genderqueer,Drewry,84
Ilka,Semorad,Kewley,807-170-5425,Male,Pleasure,83
Lev,Guerriero,Ruppert,601-121-1075,Female,Park Meadow,51
Elicia,Haycock,Banghe,329-740-6170,Female,Village,44
Denna,Goad,Maloney,123-705-9579,Male,Darwin,27
Clem,Wall,Moreinu,439-584-2185,Female,Ramsey,56
Catlaina,Costelloe,Bubb,743-677-8065,Female,American Ash,77
Joella,Kilfeather,Trevaskiss,950-163-7610,Female,Pine View,32
Kerstin,Sinott,Tomczak,925-517-6560,Male,Jenna,48
Yardley,Attenburrow,Quibell,105-952-5383,Genderqueer,Hauk,57
Almeta,Caffery,Marlon,422-955-8952,Male,Clyde Gallagher,65
Natala,Albrecht,Matushevich,167-740-0689,Non-binary,Comanche,84
Margaretta,Vinden,Trafford,278-390-7136,Female,Mandrake,84
Claretta,Readshaw,Vaneschi,530-236-3763,Male,Transport,24
Auberon,Khristyukhin,Bartholat,594-360-8028,Male,East,50
Jude,Duffet,Dunbobin,275-672-5135,Female,Stuart,76
Jacki,Toft,Epgrave,911-811-4245,Female,Mifflin,43
Annette,Boolsen,Boydle,629-161-6811,Male,Anthes,81
Gannie,Rhoades,Issard,332-567-4466,Female,Gateway,24
Gael,Maginn,Patriche,946-217-2313,Male,Hoffman,58
Tomi,Seelbach,Humpatch,898-778-5800,Female,Stuart,79
Royall,Bauckham,Pawelski,765-773-8639,Male,Lukken,55
Sorcha,Heady,Costin,702-766-0602,Female,Del Sol,86
Avrit,Danford,Whewell,280-216-9980,Male,Susan,23
Beauregard,Hefforde,Belfelt,300-728-6848,Female,Westend,29
Iver,Richardson,Avramow,412-868-4724,Female,Westport,67
Helenelizabeth,Gages,Tidbold,861-158-7541,Female,Hanson,51
Lizabeth,Beade,Keyes,544-986-7133,Male,Harbort,90
Lotti,Pedreschi,Spraging,137-327-6658,Male,Twin Pines,88
Karly,Blaszczynski,Peaseman,666-281-6677,Polygender,Bartillon,62
Millard,Davidek,Clemente,546-884-5533,Male,Ludington,77
Kiele,Gogie,Wastell,674-241-6416,Male,Rieder,61
Silvano,Giannazzi,Tichelaar,653-129-1919,Non-binary,Banding,38
Maureene,Jaksic,Rishbrook,867-746-4882,Male,Pierstorff,78
Myrtia,Dibson,Bottby,682-165-0924,Male,Vernon,84
Trevar,Giannoni,Giottini,387-164-4832,Male,Crest Line,18
Nataniel,Totaro,Alp,234-579-3306,Male,Fisk,48
Pate,Castillon,Butcher,347-277-8590,Male,Loeprich,57
Matthus,Gordon,Dilston,993-649-3649,Male,Main,85
Lenette,Le Marchant,Ghelardoni,427-489-3572,Female,Hoffman,57
Eden,Geely,Roston,329-365-2555,Polygender,2nd,37
Dory,Drexel,Peedell,482-873-4671,Female,Summer Ridge,41
Lenna,Huban,Hollington,135-286-5571,Female,West,59
Hanan,Swindells,Watson-Brown,609-928-0508,Female,John Wall,54
Lula,McClay,Setchfield,535-295-2660,Female,Badeau,84
Adriaens,Gergus,Milmo,930-834-6178,Female,Messerschmidt,60
Ashley,Rosenblatt,Guinery,839-476-1106,Genderqueer,Stang,88
Marianne,Snape,Ferneyhough,616-168-7987,Female,Bartillon,57
Eadith,Pitblado,Poundford,554-166-5215,Male,Warner,22
Dominik,Megroff,Vasyutichev,465-282-6277,Female,Coolidge,19
Madeleine,Bwye,Pavlik,605-516-0797,Male,Johnson,87
Les,Dyas,Canete,228-568-2645,Female,Huxley,80
Garold,Hellard,Oppy,784-247-9808,Female,Hauk,89
Andros,Eefting,Stonhewer,294-384-1881,Male,Thompson,31
Elston,Klasing,Carradice,177-602-1682,Male,Forest,44
Joell,Tulk,Fosken,102-226-4609,Male,8th,64
Rafferty,Hobbema,Whiley,619-330-1836,Female,Anhalt,56
Dorella,Tongs,Rotham,820-360-9026,Male,Boyd,76
Broderic,Hawes,Kreber,912-905-3207,Female,Katie,65
Quincey,Venes,Hessing,720-752-4395,Male,Thackeray,31
Cathy,Skyppe,Goldney,787-960-1270,Female,Muir,78
Christyna,Widdowson,Tieman,870-687-6168,Female,Maple,50
Jeremy,Le Monnier,Mazin,596-471-4173,Male,Steensland,58
Allyn,Mincini,Nowakowski,238-848-4217,Female,Pearson,74
Caprice,Buney,Crowdace,221-627-0675,Female,Birchwood,49
Roddie,Hagergham,Lovatt,889-355-3862,Male,Dapin,72
Lorelei,Stooders,Jerrand,173-834-8556,Male,Westport,79
Philipa,Cristofano,Bosse,638-888-2584,Female,1st,19
Ewell,Klain,Delf,212-565-6131,Male,Sugar,20
Jolyn,Brecknell,Chasmor,590-327-8728,Genderqueer,Spenser,51
Didi,Newrick,Blankley,384-561-0709,Female,Talisman,24
Vivien,Braunston,Stocken,704-860-3472,Female,Washington,55
Hi,Alexsandrev,Gorham,539-525-8747,Female,Village,43
Maude,Hairon,Hugnin,202-750-7855,Male,Sachs,33
Arthur,Tran,Myrtle,265-216-9358,Male,Bobwhite,66
Broderic,Wiper,Kobke,334-671-4012,Male,Union,27
Hanni,Mitchener,Corbishley,616-405-0186,Male,Dottie,42
Lorrayne,Phebee,Fiorentino,732-185-8956,Female,Forest Run,20
Janenna,Kilgour,Ommanney,114-481-9039,Female,Autumn Leaf,59
Erina,Rubie,Aspray,278-975-5925,Male,Schmedeman,36
Felicdad,Salvin,Kloisner,234-613-9985,Bigender,Hanson,28
Quinton,Maxwell,Cleyne,580-758-8456,Male,Calypso,58
Gamaliel,Burgh,Whiting,141-551-7480,Male,Kingsford,90
Agatha,Schoenfisch,Sutherby,771-530-8958,Genderfluid,8th,55
Gerda,Lowles,Donizeau,259-391-0126,Male,Debs,24
Garrott,Holywell,Golborn,553-299-9209,Female,Almo,49
Orson,McCreary,Halden,491-225-4111,Male,East,63
Fannie,Pulman,Loseke,116-616-9874,Male,Chinook,52
Emili,Prettyjohn,Spreull,116-839-1667,Genderqueer,Manley,52
Mattheus,Medley,Hanratty,979-619-0106,Male,Meadow Vale,31
Lela,Alltimes,Moulton,650-237-8152,Female,Killdeer,51
Amandy,McMorland,Marushak,773-719-4576,Male,Susan,43
Morna,Sherwill,Farrer,178-743-1442,Male,Commercial,34
Polly,Yearby,Brideaux,549-860-0781,Male,Towne,58
Karoly,Wrigglesworth,Wordsley,947-496-1362,Male,Crest Line,32
Pris,Dovidian,Gittoes,294-275-1635,Female,Darwin,64
Cesya,Cross,Bengtsen,350-822-5286,Female,Schurz,75
Carolynn,Cater,Codlin,500-674-0712,Female,Macpherson,86
Kass,Merit,Gonning,115-647-7647,Female,Muir,54
Charla,Reeken,Schubert,767-656-8748,Female,Linden,58
Sonny,Wakely,Lindores,455-548-0657,Female,Hoffman,76
Joela,Charlin,O'Fogerty,411-788-7837,Male,Spohn,31
Ruggiero,Pharrow,Hawkwood,328-131-0308,Male,Carioca,28
Thekla,Figgins,Cadney,680-213-3264,Male,Everett,31
Jeniece,Dowears,Kiezler,686-674-2392,Female,Fairview,63
Piotr,Foot,Korba,249-521-4693,Male,Hauk,33
Libbie,Blanchard,Hartzog,142-636-6320,Female,Darwin,80
Rickie,Greguoli,Megany,838-805-8800,Polygender,4th,58
Elana,Bough,Caunter,854-646-1036,Male,School,48
Geri,Greenier,Spearett,677-977-4792,Female,Ridgeway,78
Durward,Oakey,Langrish,385-357-4792,Male,8th,61
Claudell,Fernyhough,Albrighton,343-810-6682,Male,Stephen,59
Nannette,Guiu,Begwell,273-557-7085,Male,Holmberg,32
Jesselyn,Freiburger,Fullbrook,209-652-7479,Female,Aberg,44
Amos,Breslin,Ace,411-908-2649,Male,Maywood,25
Clarinda,Wainscoat,Kington,727-647-8904,Male,Artisan,19
Ulric,Mailes,Snufflebottom,404-913-1672,Male,Warrior,89
Julia,Carryer,MacNair,346-330-9809,Female,Cottonwood,42
Vladimir,Ruperto,Stainer,556-515-9918,Female,Mayer,24
Dalston,Santore,Dalla,116-464-4977,Non-binary,Harper,34
Katherine,Lukovic,McLardie,422-991-2861,Female,Roth,50
Bealle,Twentyman,Wesgate,449-637-3867,Female,Lindbergh,72
Leroi,Hellikes,Pinckney,302-116-0437,Male,Warbler,65
Hailee,Kobel,Rook,285-518-6513,Male,Ridgeview,21
Orton,Hanshawe,Dabs,101-959-5590,Female,Muir,40
Menard,Maharry,Taynton,734-415-1168,Male,Paget,29
Valerie,Heynen,Waldrum,856-771-4691,Female,North,28
Rosalynd,Cumpton,McKay,403-931-8740,Genderqueer,2nd,83
Ceil,Tillard,Bayless,292-166-4069,Male,Loeprich,85
Horst,Mottini,Huller,978-683-1433,Female,Comanche,86
Rhianna,Blunderfield,Molines,101-101-4914,Female,Esch,23
Klemens,Cheney,Barrington,335-376-0896,Male,Florence,27
Laughton,Farbrother,Faivre,402-516-1613,Male,Arizona,62
Elsa,Irnis,Marzelli,252-208-6082,Male,Schurz,72
Aurthur,Garaghan,Gutsell,981-530-3190,Male,Susan,26
Ashlie,Corde,Madgin,329-463-3940,Female,Park Meadow,37
Dalton,Liddall,Martelet,930-119-6841,Female,Village,31
Jarad,Riveles,Grishukhin,980-535-8745,Male,Stang,31
Denny,Nickoles,Cheeke,739-474-3953,Male,Pepper Wood,77
Doe,Whiten,Rasper,881-535-1727,Female,Evergreen,27
Bernetta,Blowick,Bramford,292-622-3337,Male,Pawling,63
Georgianne,Wetton,Fruchter,551-113-5189,Male,Blue Bill Park,53
Emile,Vezey,Duggen,473-829-4629,Female,Helena,76
Zoe,Emerine,Trays,323-887-0728,Male,Mayer,65
Melissa,Puxley,Bang,876-532-7964,Male,Chive,71
Florance,Malinowski,Sacker,690-191-0958,Male,Village Green,27
Christiana,Stanbury,Bolle,757-911-6685,Female,Warbler,63
Malanie,Rottgers,MacKartan,284-442-3253,Male,Loftsgordon,46
Avery,Philcott,Flux,378-847-6516,Female,Hanson,84
Araldo,Rydings,Goodspeed,176-187-1797,Male,Oakridge,51
Ellette,Reeds,O'Dowling,985-261-5014,Female,Luster,74
Arleta,Ludlamme,Catonnet,413-840-6431,Male,Briar Crest,63
Dniren,Figgess,Cotelard,384-208-3288,Male,Rusk,87
Monica,Balden,Yakovl,688-258-4576,Female,Golf Course,89
Lin,Gillbe,Learoid,267-664-8154,Female,Homewood,28
Des,Braunds,O'Donegan,304-965-9331,Female,Fisk,62
Candis,Dagless,Urquhart,317-316-6750,Female,Stone Corner,23
Kiele,Fawdrie,Lane,471-868-8888,Male,Tony,66
Adlai,Woffinden,Plaster,992-667-5315,Polygender,Swallow,33
Devlin,Yukhnev,Skitteral,386-423-0767,Male,Glacier Hill,43
Gertrud,Itzchaky,Blockley,923-577-8489,Genderqueer,2nd,19
Babita,Trousdell,Eastop,318-504-3588,Agender,South,78
Boniface,Balaam,Raylton,239-619-7947,Female,Arrowood,49
Guss,Londesborough,Giacopello,384-434-9740,Female,Linden,73
Peyton,Gillhespy,Phipson,475-162-5317,Female,American Ash,75
Flemming,Shippam,Polamontayne,551-327-2488,Male,Ridgeway,40
Elna,McKim,Chidley,837-313-7997,Genderfluid,Havey,68
Brendan,Worvill,Rosensaft,298-739-2656,Male,Duke,82
Juli,Kemell,Ghidetti,148-912-4721,Female,Haas,82
Killie,Coneley,Connor,739-432-6499,Female,Mcguire,35
Oralee,Hawkett,Banisch,408-785-2644,Male,Canary,71
Lucian,Tapper,Annear,569-680-2377,Female,School,26
Domenico,Jacquemet,Parnall,427-331-8769,Female,Ryan,90
Briano,Duchart,Alesio,766-302-9708,Male,Eliot,86
Jaquith,Milson,Christofe,523-602-2660,Female,Darwin,54
Nicola,Markson,Seville,830-372-9736,Male,Rockefeller,28
Addie,Southern,Haldane,422-145-3875,Male,Randy,62
Etty,Langcaster,Lacase,170-351-6274,Female,Surrey,49
Gracia,Bleyman,Molines,771-440-6162,Female,Hintze,85
Catlaina,Sket,Jankovic,730-808-3538,Male,Alpine,25
Kane,Dallicoat,Chapleo,325-724-8170,Male,Carioca,40
Klaus,Engeham,Clampe,864-808-6967,Female,Ilene,23
Papageno,Nunson,Crebo,994-665-6205,Female,Rutledge,41
Farah,Gallardo,Whate,150-161-4545,Female,Utah,68
Doug,Lademann,Elfitt,446-711-7032,Female,Granby,18
Zacharia,Malim,Pieche,644-724-8350,Male,Bluestem,65
Martie,Ritchard,Haxell,488-473-5658,Female,Northland,45
Oran,Cardello,McMains,205-678-9025,Male,Bellgrove,75
Jaquelyn,Midford,Rheubottom,296-403-6246,Female,Oneill,59
Parry,Bolf,Nipper,495-442-1765,Male,Walton,84
Arlene,Roache,Cranshaw,418-457-9111,Female,Sheridan,20
Lea,Vasilyev,Langlais,595-402-7641,Male,Stephen,85
Laryssa,Mattis,Janssens,205-574-1692,Female,Oneill,38
Thom,Yushmanov,Schiersch,529-260-7440,Male,Mandrake,80
Conny,Membry,Halley,976-120-4895,Male,Monica,82
Justen,Saurat,Westberg,674-406-9055,Genderfluid,Chive,64
Simone,Matthis,Fuge,756-503-2349,Female,Scofield,71
Myrlene,Lipprose,Dee,785-630-1412,Female,Fair Oaks,83
Dominga,Dellit,Rapson,559-827-0206,Female,Meadow Ridge,88
Goldi,Steddall,Ambroise,876-388-2274,Female,Oak Valley,64
Eddie,Udie,Mustarde,493-881-0206,Female,Gina,73
Isa,Deluze,Shirtliff,810-143-9757,Male,Burrows,74
Johna,Whylie,Maund,195-537-7876,Male,Karstens,59
Marcia,Gambrell,Ringwood,589-725-7751,Female,Rieder,34
Humbert,Jevon,Jeeves,652-142-9073,Female,Clemons,69
Stephenie,Binny,Jovasevic,426-469-8088,Female,Mcguire,26
Milzie,Eldritt,Luard,135-403-2858,Genderfluid,Haas,72
Tristam,Aleevy,Bard,954-378-8193,Male,Prairie Rose,77
Kaiser,Scutcheon,Litzmann,491-720-1785,Male,Rowland,67
Iggie,Ceely,Valois,822-295-4311,Female,Birchwood,78
Carolus,Sands-Allan,De Castri,282-687-1626,Agender,Pierstorff,58
Chip,Esome,McLeese,139-599-5267,Female,Pennsylvania,52
Brande,Gartenfeld,Bangle,491-187-6635,Male,Susan,84
Lesli,Townrow,Beazleigh,909-925-5595,Female,Drewry,38
Burgess,Sawnwy,Heinreich,593-371-7544,Male,Hauk,28
Ross,Stoker,Schettini,871-535-8717,Male,Nobel,74
Devlen,Illsley,Gladtbach,115-193-2611,Female,Helena,61
Erma,Bosma,Beefon,287-387-2115,Female,Del Mar,62
Joshia,Chagg,Palfreeman,167-412-7878,Female,Troy,65
Pearla,Castille,Furneaux,179-756-5099,Male,Lakewood,77
Rozella,Markey,Plampin,818-203-4279,Polygender,Coleman,88
Carolin,Anglin,Nuzzti,840-251-1396,Female,Brickson Park,48
Hayward,Davenhill,Fewlass,497-203-5950,Female,Coolidge,41
Alexa,Nuton,Stening,282-470-0178,Female,Golf View,74
Bucky,Yaneev,Oliff,936-604-3021,Female,Menomonie,80
Dotti,Dering,Mac,799-944-0664,Female,Clemons,75
Lynett,Benedite,Bromige,887-428-1995,Female,Hanson,49
Cortney,Aleksich,Philbrick,242-262-1533,Male,Green Ridge,84
Wallis,Fausch,Petracek,957-626-8447,Female,Judy,47
Finlay,Pellamonuten,Dilland,555-591-3365,Male,Red Cloud,61
Newton,Nekrews,Salla,742-818-8818,Male,Welch,63
Roana,Utton,Newrick,835-902-5487,Male,Ramsey,86
Bertie,Yakunkin,Kleeborn,727-113-9350,Female,Randy,82
Becca,McHardy,Smurfit,247-330-7286,Female,Independence,46
Patty,Muzzall,Sygroves,283-215-7971,Female,Harper,33
Noll,Varsey,McGlynn,934-405-8423,Male,Harbort,80
Jennine,Guesford,Hamberstone,941-500-1824,Male,Gateway,20
Elisa,Sperling,Ciccarelli,113-513-3995,Female,Mendota,66
Gualterio,Bealton,Greader,168-476-5617,Female,7th,82
Ethelin,Tinson,Onthank,496-334-4724,Polygender,Farwell,32
Kale,Bilyard,Brunke,428-516-9082,Genderqueer,Red Cloud,75
Corey,McCawley,Arnowitz,600-668-3212,Female,Moulton,87
Mathilde,Dayly,Riba,350-858-9401,Male,Harper,88
Tully,Bagshaw,Folker,360-145-4069,Bigender,Farwell,55
Aarika,Theodoris,Granger,545-306-0630,Female,Kennedy,85
Dex,De Andreis,Ubsdale,365-782-8611,Male,Iowa,68
Shaine,Boffin,Jansky,245-143-6993,Male,West,69
Francis,Roycraft,Kellog,875-495-6771,Female,Kenwood,71
Darryl,Luter,Righy,424-925-4339,Female,American Ash,55
Skipton,Brownsett,Eggleton,132-257-9339,Male,Forest Run,19
Alejandra,Padley,Lamberteschi,267-906-5397,Male,Sherman,72
Baird,Sparshett,Gellett,343-534-7933,Male,Ludington,63
Albertina,Mathy,Roo,970-936-4281,Agender,Truax,46
Stavro,Eakens,Burston,920-567-9013,Male,Colorado,61
Clareta,Warbeys,Mazillius,478-521-4978,Female,Randy,85
Ortensia,Normadell,Warham,577-964-4472,Male,Summit,90
Clari,Baythorp,Turrill,825-224-8165,Male,Brickson Park,44
Jimmie,Ingolotti,Coll,666-288-4978,Male,Forest Dale,58
Felicdad,Tanguy,Kinvan,365-575-0665,Male,Aberg,20
Ceciley,Iscowitz,Ianetti,529-499-7483,Female,Ridgeway,22
Lacie,Basnett,Blaksley,691-752-5711,Female,Kropf,87
Kip,Vanstone,Monget,893-231-7140,Male,Oriole,38
Jarvis,Cranney,Edward,767-988-5725,Male,Messerschmidt,48
Amabelle,Purple,Nagle,647-425-8540,Genderqueer,Shopko,36
Welch,Petrasso,Taysbil,540-526-1871,Female,Anderson,37
Wallis,Kenningham,Ring,512-613-8821,Male,Lien,56
Mitch,Silbert,Hamper,664-391-8536,Polygender,Northfield,62
Paola,Gillet,Niessen,399-697-1789,Female,Portage,57
Olenolin,Morrell,Aspole,258-500-4711,Genderqueer,Di Loreto,78
Toddie,Beardwell,Arlow,176-407-2059,Female,Emmet,61
Jillian,Gilvary,Leverington,699-884-8890,Female,Delladonna,38
Sigvard,O'Noland,Rumsby,613-805-7653,Female,Pennsylvania,70
Merry,Gagen,Vaughten,457-331-6629,Male,Arapahoe,31
Shae,Bushrod,Gorghetto,205-739-6113,Female,Riverside,30
Florry,Haestier,Renzo,651-886-3871,Male,Summit,86
Carmel,Culleton,Fitchew,908-849-2441,Female,Lake View,89
Bridie,Cominotti,Girling,562-378-8132,Genderfluid,Forster,39
Munroe,Greasty,Giannini,119-587-3029,Female,Holmberg,82
Melita,Snel,Boullen,463-387-2859,Male,Arkansas,34
Kelwin,Linsey,von Hagt,410-233-0564,Female,Johnson,61
Andras,Norgan,Badby,523-173-8725,Female,Macpherson,56
Dolorita,Wharin,Tie,907-688-5684,Female,Roth,24
Tiffanie,McDowall,Boscher,335-858-2798,Male,Straubel,74
Blake,De Gowe,Blower,933-134-0407,Male,Emmet,80
Doy,Jikylls,Airds,168-962-8647,Agender,Loomis,68
Mata,Mulqueeny,Ccomini,796-170-6741,Female,Prairie Rose,38
Juliane,Wadeson,Bresnahan,402-263-2799,Female,Northfield,41
Krysta,Klyner,Tomasek,843-334-6805,Female,Fairview,59
Agnella,Rostron,Lawless,336-341-1507,Bigender,Roth,62
Worth,Joul,Pitney,378-915-2535,Male,Lyons,51
Helaina,Ewles,Jahnke,436-922-3583,Female,Schurz,40
Tommie,Mugridge,Hefferan,791-829-8668,Male,Manufacturers,83
Myra,Thies,Deaconson,346-986-6787,Female,Marcy,53
Maren,Gerok,Emmins,272-553-6052,Female,Kinsman,20
Louisette,Peschke,Cabena,326-455-6464,Female,Harper,89
Marc,Larkins,Baugh,154-358-9999,Female,Macpherson,71
Mikel,Bellenger,Dyton,673-363-2513,Male,Sunbrook,33
Nelli,Iacovozzo,Eixenberger,683-693-6126,Male,Schurz,41
Alexei,Morris,Alennikov,546-515-3039,Non-binary,Mitchell,42
Gertrud,Upward,Le Brom,314-133-1431,Male,Brown,31
Tarrah,Ioan,Ruhben,299-132-9559,Male,Tennyson,56
Archibold,Jovic,Stoven,598-961-8209,Female,Novick,28
Ari,Goozee,Kondratovich,632-730-6784,Female,Lakewood Gardens,40
Justino,Kernley,Ponde,497-627-2963,Male,Hansons,26
Brendan,Cotty,Milington,153-787-4566,Male,Riverside,73
Orelia,Nolin,Markham,678-393-3368,Female,Southridge,54
Marni,Bertomier,Hallawell,923-708-7262,Female,Fieldstone,51
Miner,Bleasdale,Dayborne,398-915-0347,Female,Nobel,22
Goldi,Perris,Harvie,948-115-1964,Female,Cottonwood,85
Sherrie,Twining,Gobbett,715-220-5655,Female,Mifflin,90
Maybelle,Pietrzyk,Handke,799-723-7721,Female,Onsgard,70
Alisander,Hinder,Lambin,885-629-9369,Female,Cambridge,74
Kirsten,Stagg,Bravey,670-808-5086,Female,Dapin,39
Laurent,Skypp,McCarl,552-371-7169,Female,Clyde Gallagher,83
Mallorie,Dell 'Orto,Stopp,132-574-1400,Male,Texas,40
Jerad,Hinners,Brickell,536-210-6079,Female,Carey,57
Julie,Josefowicz,Lorimer,614-160-2263,Female,Springs,76
Sergent,Edmett,Souster,733-350-8659,Male,Aberg,80
Normie,Cescotti,Dunphy,837-771-8234,Female,Drewry,24
Ashlee,MacKaig,Jovasevic,516-261-2053,Male,Sunbrook,83
Dunstan,Coal,Ricardet,808-152-9369,Male,Forest Run,78
Jerrilyn,Van der Hoeven,Beaze,683-981-0593,Agender,Merrick,83
Carlin,Poulsum,Drynan,222-181-2622,Male,Ridgeway,71
Gracia,Shardlow,Maceur,538-497-5108,Female,Bluejay,51
Abe,Klimkiewich,Mousby,803-665-9993,Male,Bobwhite,60
Jessalin,Farthin,Cosser,883-248-4692,Male,Briar Crest,67
Dukie,Orgen,Smoughton,323-930-7400,Female,Carberry,64
Enrica,Kilfoyle,Haskur,334-797-2357,Female,Green Ridge,40
Bliss,Caughtry,MacGhee,850-505-4442,Male,Dunning,35
Kayne,Pinel,Figure,875-891-7385,Female,Butternut,86
Blinni,Northall,Rabbe,160-902-7192,Male,Dwight,79
Ricki,Vowdon,Churchard,317-269-2025,Male,Weeping Birch,81
Pierrette,Witz,Calafato,866-527-7409,Female,Ridge Oak,81
Blair,Baldwin,Burchmore,127-262-5001,Male,Sage,21
Domeniga,Duligal,Peskin,194-562-5541,Female,Bluejay,87
Germain,Duddridge,Kissell,458-410-5938,Male,Del Mar,66
Prinz,Vanner,Lodovichi,652-134-8007,Non-binary,Tony,47
Molly,Alpin,McKenzie,496-330-8034,Agender,Scofield,77
Euell,Merchant,Wiltshear,909-557-4143,Male,Maple,67
Kimberli,Ditty,Kollasch,603-204-4147,Male,Granby,72
Giffer,Coney,Silk,954-919-2576,Female,Pleasure,21
Zachery,Minnette,Pllu,275-296-8805,Male,Texas,60
Kearney,Royson,Acaster,640-717-8173,Female,Dunning,21
Pietra,Twyning,Guinness,741-860-6097,Female,Canary,68
Rad,Follet,Banting,669-505-2441,Male,Rutledge,30
Ivy,Hebdon,Esser,588-863-1444,Female,Merrick,54
Alexandros,Olivello,Pipping,853-868-8066,Male,Service,58
Bevon,Lyston,Lane,825-586-7163,Female,Pearson,57
Taryn,Lamcken,Locker,369-798-2633,Male,Duke,55
Vale,Dorken,Timmes,422-894-9024,Male,Straubel,25
Lonny,Looks,Losbie,616-703-6649,Male,International,25
Meade,Albon,Morgans,512-878-7865,Female,Fisk,28
Kahlil,Megson,Brame,569-448-2794,Female,Killdeer,34
Marten,Bayne,Bezzant,587-247-8100,Female,Armistice,41
Odille,Bruno,MacDermot,872-376-3048,Bigender,Vahlen,88
Monti,Szapiro,Trahearn,845-752-4464,Female,8th,31
Timmie,Pembry,Sustin,530-234-6313,Male,Dexter,55
Josee,Geffcock,Butfield,752-506-3549,Female,Little Fleur,35
Jordain,Drinkhall,Gynni,811-733-3321,Female,Express,58
Raphaela,Fenech,Licciardi,923-135-0047,Female,Westerfield,61
Frasco,Pittet,Treneman,125-981-6002,Female,Schurz,87
Andrej,Warn,Boutcher,941-982-2128,Polygender,Kim,89
Irena,Brookes,Atthowe,869-603-2183,Female,Corscot,58
Reinhold,Neeve,Ransfield,463-654-4235,Male,Anhalt,59
Bertie,Bellam,Dudding,289-717-4909,Female,Carioca,33
Lem,Stedall,Samart,717-560-8471,Male,Moose,43
Siouxie,Summerson,Jaggard,386-403-1569,Male,Rusk,58
Gregorius,Woodrooffe,Chatelain,201-657-1954,Male,Warrior,72
Neel,Schreiner,Missington,271-517-6355,Genderqueer,Rieder,30
Myrle,Tute,Fayne,404-615-8519,Male,Luster,83
Ethe,Sawfoot,Ferie,255-213-9293,Female,Steensland,45
Brendis,Crosscombe,Geelan,896-463-4900,Male,Declaration,70
Wadsworth,Hedin,Fatscher,729-166-7514,Male,Reindahl,33
Elysha,Minmagh,Cleworth,559-245-6459,Female,Lillian,76
Gloriana,Woodhams,Bonallack,160-497-0056,Male,Maywood,52
Inga,Rosbotham,Kettles,677-166-5322,Male,Bultman,48
Weidar,Moy,Dunnet,605-302-2085,Female,Westport,23
Willabella,Claworth,Jirsa,831-810-0054,Male,Swallow,73
Muhammad,Hawtry,Glaum,757-198-7704,Male,Alpine,27
Cornie,Ubsdale,Fury,219-985-5301,Female,Goodland,74
Ilyse,Gladstone,Ziem,153-951-9434,Female,Springview,61
Letitia,Astridge,Peerman,826-390-4137,Male,Sunbrook,87
Tedman,Worvell,Trobe,151-625-2586,Male,International,89
Whittaker,Menault,Sterricks,147-788-4315,Female,Westridge,84
Guilbert,Minthorpe,Trobridge,950-130-2704,Male,Southridge,68
Dulcinea,Nasey,Prosser,806-701-4282,Female,Lakewood Gardens,55
Loutitia,Bullock,Mossbee,289-210-3166,Female,Fordem,51
Goddart,Simounet,Dillingham,693-259-0294,Female,Melody,22
Margret,Chillingsworth,Paul,484-447-1902,Male,Bunting,40
Gallagher,Boleyn,Goghin,935-587-9875,Female,Dottie,36
Ursala,Seawright,John,182-248-5722,Female,Morning,84
Sonnnie,Dominighi,Castano,537-863-5961,Male,John Wall,27
Vivyanne,Leith,Weeke,690-247-7599,Male,Maple Wood,20
Hailee,Bartosch,Tink,892-146-4727,Female,Green Ridge,57
Sorcha,Trundler,Karlik,928-642-7021,Female,Badeau,28
Hendrick,Simonsen,Spadari,595-309-6369,Male,Utah,44
Olga,Yablsley,Treadway,565-439-8897,Male,Kingsford,34
Zahara,Sobtka,Ricciardi,541-504-6433,Female,7th,75
Jennica,Hubeaux,Wragg,132-953-4910,Female,Gerald,21
Avril,Cater,Ingraham,142-185-4314,Male,Mallory,20
Darn,Skally,Pyer,520-862-5693,Male,Namekagon,80
Romona,O'Cuddie,Guard,525-352-7168,Male,Barnett,57
Felicity,Barstowk,Grimolbie,402-742-9412,Male,Butterfield,54
Rockwell,Aldrick,Pilmoor,842-603-3967,Male,Cardinal,78
Burt,Steels,Portt,949-227-6721,Male,Waywood,79
Donna,Clopton,Hanlin,836-736-2543,Genderqueer,Merchant,58
Dylan,Debney,Vise,762-105-4717,Female,Fieldstone,20
Kari,Darby,Phateplace,194-745-6395,Male,Ramsey,58
Collette,Trowsdall,Stryde,841-937-4585,Female,Bonner,38
Jarrett,Grimes,Battista,567-687-6269,Male,Leroy,41
Johnette,Whitehair,Lamborne,672-327-1793,Female,Loftsgordon,77
Kendricks,Shiers,Worstall,435-150-1104,Female,Hudson,42
Harwilll,Leagas,Lorinez,503-438-3465,Female,Memorial,72
Martino,Deshorts,Scathard,784-112-0305,Female,Caliangt,68
Christabella,Habercham,McCartney,584-149-8481,Genderfluid,Hooker,35
Calypso,Tuke,Sisnett,572-956-0258,Female,Bunker Hill,31
Neville,Iacovacci,Wynter,333-495-9930,Female,Portage,23
Lindsey,Checkley,Fowgies,736-493-5064,Male,Dawn,46
